[{"subject":"ewfewf","content":"wefwef","fileOriginName":"1.jpg","filePsy":"76c06cd7368f1ce66992c114ea7c1e54"},{"subject":"grgew","content":"gwgwegewgewg"},{"subject":"werwef","content":"wefwefewf"},{"subject":"fewfef그림이당","content":"wefwegw","fileOriginName":"신분증_김태현.jpg","filePsy":"1b966fb7ab6a539a4693b8a057b760d2"},{"subject":"eee","content":"sfe","fileOriginName":"1.jpg","filePsy":"d73beb5d79d87919fae3207aa41cf765"},{"subject":"테스트용","content":"테스트용"},{"subject":"테스트용","content":"테스트용"},{"subject":"테스트용","content":"테스트용"},{"subject":"테스트용","content":"테스트용"},{"subject":"테스트용","content":"테스트용"},{"subject":"테스트용","content":"테스트용"},{"subject":"테스트용","content":"테스트용"},{"subject":"테스트용","content":"테스트용"},{"subject":"테스트용","content":"테스트용"},{"subject":"테스트용","content":"테스트용"},{"subject":"테스트용","content":"테스트용"},{"subject":"테스트용","content":"테스트용"},{"subject":"테스트용","content":"테스트용"},{"subject":"테스트용","content":"테스트용"},{"subject":"테스트용","content":"테스트용"},{"subject":"테스트용","content":"테스트용"},{"subject":"테스트용","content":"테스트용"},{"subject":"테스트용","content":"테스트용"},{"subject":"테스트용","content":"테스트용"},{"subject":"테스트용","content":"테스트용"},{"subject":"테스트용","content":"테스트용"},{"subject":"테스트용","content":"테스트용"},{"subject":"테스트용","content":"테스트용"},{"subject":"테스트용","content":"테스트용"},{"subject":"테스트용","content":"테스트용"},{"subject":"테스트용","content":"테스트용"},{"subject":"테스트용","content":"테스트용"},{"subject":"테스트용","content":"테스트용"},{"subject":"테스트용","content":"테스트용"},{"subject":"테스트용","content":"테스트용"},{"subject":"테스트용","content":"테스트용"},{"subject":"테스트용","content":"테스트용"},{"subject":"테스트용","content":"테스트용"},{"subject":"테스트용","content":"테스트용"},{"subject":"테스트용","content":"테스트용"},{"subject":"qwqdwq","content":"qwdqwd, 첫번째","fileOriginName":"1.jpg","filePsy":"d336c87430cdaed7309e6c70ddc93ad3"},{"subject":"111113","content":"33131"},{"subject":"wefewf","content":"wefwef"},{"subject":"weewwe","content":"wefewf"},{"subject":"sdf","content":"sfdsdfe"},{"subject":"sdf","content":"sdfsdf"},{"subject":"sdfsdf","content":"sdfsdfes"},{"subject":"sfsfew","content":"wegewgwegwegewg"},{"subject":"dddsgsge","content":"egege"},{"subject":"왜 전송이...","content":"안될까요..??"},{"subject":"sdfsdf","content":"wefwegweg"},{"subject":"sdfsdf","content":"ewgwegwe"},{"subject":"sdfsdf","content":"wefwef","fileOriginName":"신분증_김태현.jpg","filePsy":"6f627a491da81b811094a5d37a450ce6"},{"subject":"sdfsdf","content":"wefwef","fileOriginName":"신분증_김태현.jpg","filePsy":"8d9a0cd25a3e02d01bb4c81be545c66e"},{"subject":"wefwef","content":"wefwef","fileOriginName":"1.jpg","filePsy":"768b6d77ea5887309991b845a026ceee"},{},{"subject":"ㅎㅇㅇㅎㅇㅋㅋ","content":"안녕하세요!!"},{"subject":"하이용!!ㅋㅋㅋ","content":"안녕ㅎㅋㅋ"},{"subject":"하이용 ","content":"안녕하세요 !!"},{"subject":"dfsf","content":"sdfsdf"},{"subject":"ddd","content":"sdfsdfsdf"},{"subject":"dddd","content":"dddfsf"},{"subject":"안녕하세요?","content":"저는 김태현 이라고 합니다, 마지막"}]