[{"subject":"김태현입니다","content":"하이루"},{"subject":"wgwe324124","content":"wegewgwweh"},{"subject":"sgdsg+ge+w","content":"w+egweg"},{"subject":"","content":""},{"subject":"동익이+","content":"ㅎㅇ"},{"subject":"wweg","content":"wegewg"},{"subject":"하이루","content":"하이웅"},{"subject":"하이용","content":"하이루"},{"subject":"%EC%95%88%EB%85%95%ED%95%98%EC%84%B8%EC%9A%94","content":"%EC%95%88%EB%85%95%3F%3F"},{"subject":"123123","content":"1241"},{"subject":"12412","content":"12412"},{"subject":"maple","content":"홍구"}]